City_ID,City,Lat,Lng,Max Temp,Humidity,Cloudiness,Wind Speed,Country,Date
0,tura,-17.3411,-39.2208,71.44,81,17,6.2,BR,1689801257
1,al jawf,-17.3411,-39.2208,71.44,81,17,6.2,BR,1689801257
2,ji parana,-17.3411,-39.2208,71.44,81,17,6.2,BR,1689801257
3,port elizabeth,-17.3411,-39.2208,71.44,81,17,6.2,BR,1689801257
4,mont-dore,-17.3411,-39.2208,71.44,81,17,6.2,BR,1689801257
5,albany,-17.3411,-39.2208,71.44,81,17,6.2,BR,1689801257
6,ust-nera,-17.3411,-39.2208,71.44,81,17,6.2,BR,1689801257
7,guerrero negro,-17.3411,-39.2208,71.44,81,17,6.2,BR,1689801257
8,puerto natales,-17.3411,-39.2208,71.44,81,17,6.2,BR,1689801257
9,larache,-17.3411,-39.2208,71.44,81,17,6.2,BR,1689801257
10,isafjordur,-17.3411,-39.2208,71.44,81,17,6.2,BR,1689801257
11,paradip garh,-17.3411,-39.2208,71.44,81,17,6.2,BR,1689801257
12,sitka,-17.3411,-39.2208,71.44,81,17,6.2,BR,1689801257
13,ebon,-17.3411,-39.2208,71.44,81,17,6.2,BR,1689801257
14,puerto san carlos,-17.3411,-39.2208,71.44,81,17,6.2,BR,1689801257
15,waitangi,-17.3411,-39.2208,71.44,81,17,6.2,BR,1689801257
16,blackmans bay,-17.3411,-39.2208,71.44,81,17,6.2,BR,1689801257
17,hailey,-17.3411,-39.2208,71.44,81,17,6.2,BR,1689801257
18,cova figueira,-17.3411,-39.2208,71.44,81,17,6.2,BR,1689801257
19,cidreira,-17.3411,-39.2208,71.44,81,17,6.2,BR,1689801257
20,viedma,-17.3411,-39.2208,71.44,81,17,6.2,BR,1689801257
21,edinburgh of the seven seas,-17.3411,-39.2208,71.44,81,17,6.2,BR,1689801257
22,caister-on-sea,-17.3411,-39.2208,71.44,81,17,6.2,BR,1689801257
23,adamstown,-17.3411,-39.2208,71.44,81,17,6.2,BR,1689801257
24,chonchi,-17.3411,-39.2208,71.44,81,17,6.2,BR,1689801257
25,taiohae,-17.3411,-39.2208,71.44,81,17,6.2,BR,1689801257
26,yellowknife,-17.3411,-39.2208,71.44,81,17,6.2,BR,1689801257
27,polyarnyy,-17.3411,-39.2208,71.44,81,17,6.2,BR,1689801257
28,iqaluit,-17.3411,-39.2208,71.44,81,17,6.2,BR,1689801257
29,kupang,-17.3411,-39.2208,71.44,81,17,6.2,BR,1689801257
30,rawson,-17.3411,-39.2208,71.44,81,17,6.2,BR,1689801257
31,jamestown,-17.3411,-39.2208,71.44,81,17,6.2,BR,1689801257
32,axim,-17.3411,-39.2208,71.44,81,17,6.2,BR,1689801257
33,kodiak,-17.3411,-39.2208,71.44,81,17,6.2,BR,1689801257
34,puerto ayora,-17.3411,-39.2208,71.44,81,17,6.2,BR,1689801257
35,reggane,-17.3411,-39.2208,71.44,81,17,6.2,BR,1689801257
36,boguchany,-17.3411,-39.2208,71.44,81,17,6.2,BR,1689801257
37,lihue,-17.3411,-39.2208,71.44,81,17,6.2,BR,1689801257
38,west island,-17.3411,-39.2208,71.44,81,17,6.2,BR,1689801257
39,kone,-17.3411,-39.2208,71.44,81,17,6.2,BR,1689801257
40,lompoc,-17.3411,-39.2208,71.44,81,17,6.2,BR,1689801257
41,freetown,-17.3411,-39.2208,71.44,81,17,6.2,BR,1689801257
42,vilyuysk,-17.3411,-39.2208,71.44,81,17,6.2,BR,1689801257
43,cabo san lucas,-17.3411,-39.2208,71.44,81,17,6.2,BR,1689801257
44,moroni,-17.3411,-39.2208,71.44,81,17,6.2,BR,1689801257
45,san patricio,-17.3411,-39.2208,71.44,81,17,6.2,BR,1689801257
46,stanley,-17.3411,-39.2208,71.44,81,17,6.2,BR,1689801257
47,ribeira grande,-17.3411,-39.2208,71.44,81,17,6.2,BR,1689801257
48,tiksi,-17.3411,-39.2208,71.44,81,17,6.2,BR,1689801257
49,port alfred,-17.3411,-39.2208,71.44,81,17,6.2,BR,1689801257
50,el calafate,-17.3411,-39.2208,71.44,81,17,6.2,BR,1689801257
51,robore,-17.3411,-39.2208,71.44,81,17,6.2,BR,1689801257
52,georgetown,-17.3411,-39.2208,71.44,81,17,6.2,BR,1689801257
53,ouellah,-17.3411,-39.2208,71.44,81,17,6.2,BR,1689801257
54,port-aux-francais,-17.3411,-39.2208,71.44,81,17,6.2,BR,1689801257
55,talnakh,-17.3411,-39.2208,71.44,81,17,6.2,BR,1689801257
56,muroto-misakicho,-17.3411,-39.2208,71.44,81,17,6.2,BR,1689801257
57,santa cruz,-17.3411,-39.2208,71.44,81,17,6.2,BR,1689801257
58,avarua,-17.3411,-39.2208,71.44,81,17,6.2,BR,1689801257
59,wailua homesteads,-17.3411,-39.2208,71.44,81,17,6.2,BR,1689801257
60,pitimbu,-17.3411,-39.2208,71.44,81,17,6.2,BR,1689801257
61,novaya lyalya,-17.3411,-39.2208,71.44,81,17,6.2,BR,1689801257
62,yarkovo,-17.3411,-39.2208,71.44,81,17,6.2,BR,1689801257
63,college,-17.3411,-39.2208,71.44,81,17,6.2,BR,1689801257
64,la ronge,-17.3411,-39.2208,71.44,81,17,6.2,BR,1689801257
65,whitehorse,-17.3411,-39.2208,71.44,81,17,6.2,BR,1689801257
66,midvagur,-17.3411,-39.2208,71.44,81,17,6.2,BR,1689801257
67,kuqa,-17.3411,-39.2208,71.44,81,17,6.2,BR,1689801257
68,kapuskasing,-17.3411,-39.2208,71.44,81,17,6.2,BR,1689801257
69,bethel,-17.3411,-39.2208,71.44,81,17,6.2,BR,1689801257
70,selfoss,-17.3411,-39.2208,71.44,81,17,6.2,BR,1689801257
71,north branch,-17.3411,-39.2208,71.44,81,17,6.2,BR,1689801257
72,barcelos,-17.3411,-39.2208,71.44,81,17,6.2,BR,1689801257
73,hermanus,-17.3411,-39.2208,71.44,81,17,6.2,BR,1689801257
74,orange cove,-17.3411,-39.2208,71.44,81,17,6.2,BR,1689801257
75,bilibino,-17.3411,-39.2208,71.44,81,17,6.2,BR,1689801257
76,la passe,-17.3411,-39.2208,71.44,81,17,6.2,BR,1689801257
77,tangalle,-17.3411,-39.2208,71.44,81,17,6.2,BR,1689801257
78,karachi,-17.3411,-39.2208,71.44,81,17,6.2,BR,1689801257
79,tranovaho,-17.3411,-39.2208,71.44,81,17,6.2,BR,1689801257
80,tazacorte,-17.3411,-39.2208,71.44,81,17,6.2,BR,1689801257
81,mildura,-17.3411,-39.2208,71.44,81,17,6.2,BR,1689801257
82,nova sintra,-17.3411,-39.2208,71.44,81,17,6.2,BR,1689801257
83,alofi,-17.3411,-39.2208,71.44,81,17,6.2,BR,1689801257
84,hawaiian paradise park,-17.3411,-39.2208,71.44,81,17,6.2,BR,1689801257
85,qaqortoq,-17.3411,-39.2208,71.44,81,17,6.2,BR,1689801257
86,palo santo,-17.3411,-39.2208,71.44,81,17,6.2,BR,1689801257
87,wanxian,-17.3411,-39.2208,71.44,81,17,6.2,BR,1689801257
88,vilyuchinsk,-17.3411,-39.2208,71.44,81,17,6.2,BR,1689801257
89,bredasdorp,-17.3411,-39.2208,71.44,81,17,6.2,BR,1689801257
90,nova vicosa,-17.3411,-39.2208,71.44,81,17,6.2,BR,1689801257
91,liaocheng,-17.3411,-39.2208,71.44,81,17,6.2,BR,1689801257
92,happy valley-goose bay,-17.3411,-39.2208,71.44,81,17,6.2,BR,1689801257
93,port mathurin,-17.3411,-39.2208,71.44,81,17,6.2,BR,1689801257
94,anadyr,-17.3411,-39.2208,71.44,81,17,6.2,BR,1689801257
95,port lincoln,-17.3411,-39.2208,71.44,81,17,6.2,BR,1689801257
96,horta,-17.3411,-39.2208,71.44,81,17,6.2,BR,1689801257
97,grytviken,-17.3411,-39.2208,71.44,81,17,6.2,BR,1689801257
98,tolanaro,-17.3411,-39.2208,71.44,81,17,6.2,BR,1689801257
99,altai,-17.3411,-39.2208,71.44,81,17,6.2,BR,1689801257
100,petropavlovsk-kamchatsky,-17.3411,-39.2208,71.44,81,17,6.2,BR,1689801257
101,kerikeri,-17.3411,-39.2208,71.44,81,17,6.2,BR,1689801257
102,yanggu,-17.3411,-39.2208,71.44,81,17,6.2,BR,1689801257
103,arraial do cabo,-17.3411,-39.2208,71.44,81,17,6.2,BR,1689801257
104,thompson,-17.3411,-39.2208,71.44,81,17,6.2,BR,1689801257
105,port hedland,-17.3411,-39.2208,71.44,81,17,6.2,BR,1689801257
106,cargados carajos,-17.3411,-39.2208,71.44,81,17,6.2,BR,1689801257
107,kuta,-17.3411,-39.2208,71.44,81,17,6.2,BR,1689801257
108,el bayadh,-17.3411,-39.2208,71.44,81,17,6.2,BR,1689801257
109,koungheul,-17.3411,-39.2208,71.44,81,17,6.2,BR,1689801257
110,fortuna,-17.3411,-39.2208,71.44,81,17,6.2,BR,1689801257
111,tazovsky,-17.3411,-39.2208,71.44,81,17,6.2,BR,1689801257
112,ancud,-17.3411,-39.2208,71.44,81,17,6.2,BR,1689801257
113,erenhot,-17.3411,-39.2208,71.44,81,17,6.2,BR,1689801257
114,guiuan,-17.3411,-39.2208,71.44,81,17,6.2,BR,1689801257
115,imbituba,-17.3411,-39.2208,71.44,81,17,6.2,BR,1689801257
116,minas de marcona,-17.3411,-39.2208,71.44,81,17,6.2,BR,1689801257
117,yulin,-17.3411,-39.2208,71.44,81,17,6.2,BR,1689801257
118,lae,-17.3411,-39.2208,71.44,81,17,6.2,BR,1689801257
119,udachny,-17.3411,-39.2208,71.44,81,17,6.2,BR,1689801257
120,chinde,-17.3411,-39.2208,71.44,81,17,6.2,BR,1689801257
121,douentza,-17.3411,-39.2208,71.44,81,17,6.2,BR,1689801257
122,ravar,-17.3411,-39.2208,71.44,81,17,6.2,BR,1689801257
123,nemuro,-17.3411,-39.2208,71.44,81,17,6.2,BR,1689801257
124,kurumul,-17.3411,-39.2208,71.44,81,17,6.2,BR,1689801257
125,mount gambier,-17.3411,-39.2208,71.44,81,17,6.2,BR,1689801257
126,prince rupert,-17.3411,-39.2208,71.44,81,17,6.2,BR,1689801257
127,flying fish cove,-17.3411,-39.2208,71.44,81,17,6.2,BR,1689801257
128,quelimane,-17.3411,-39.2208,71.44,81,17,6.2,BR,1689801257
129,utrik,-17.3411,-39.2208,71.44,81,17,6.2,BR,1689801257
130,tomatlan,-17.3411,-39.2208,71.44,81,17,6.2,BR,1689801257
131,idfu,-17.3411,-39.2208,71.44,81,17,6.2,BR,1689801257
132,curumani,-17.3411,-39.2208,71.44,81,17,6.2,BR,1689801257
133,punta arenas,-17.3411,-39.2208,71.44,81,17,6.2,BR,1689801257
134,carnarvon,-17.3411,-39.2208,71.44,81,17,6.2,BR,1689801257
135,saratamata,-17.3411,-39.2208,71.44,81,17,6.2,BR,1689801257
136,bhamo,-17.3411,-39.2208,71.44,81,17,6.2,BR,1689801257
137,hithadhoo,-17.3411,-39.2208,71.44,81,17,6.2,BR,1689801257
138,ushuaia,-17.3411,-39.2208,71.44,81,17,6.2,BR,1689801257
139,sao vicente,-17.3411,-39.2208,71.44,81,17,6.2,BR,1689801257
140,formosa,-17.3411,-39.2208,71.44,81,17,6.2,BR,1689801257
141,codrington,-17.3411,-39.2208,71.44,81,17,6.2,BR,1689801257
142,vila franca do campo,-17.3411,-39.2208,71.44,81,17,6.2,BR,1689801257
143,nelson bay,-17.3411,-39.2208,71.44,81,17,6.2,BR,1689801257
144,eyl,-17.3411,-39.2208,71.44,81,17,6.2,BR,1689801257
145,sao lourenco do sul,-17.3411,-39.2208,71.44,81,17,6.2,BR,1689801257
146,puerto deseado,-17.3411,-39.2208,71.44,81,17,6.2,BR,1689801257
147,papatowai,-17.3411,-39.2208,71.44,81,17,6.2,BR,1689801257
148,tonekabon,-17.3411,-39.2208,71.44,81,17,6.2,BR,1689801257
149,mandalgovi,-17.3411,-39.2208,71.44,81,17,6.2,BR,1689801257
150,margaret river,-17.3411,-39.2208,71.44,81,17,6.2,BR,1689801257
151,remire-montjoly,-17.3411,-39.2208,71.44,81,17,6.2,BR,1689801257
152,sonoita,-17.3411,-39.2208,71.44,81,17,6.2,BR,1689801257
153,plonsk,-17.3411,-39.2208,71.44,81,17,6.2,BR,1689801257
154,mili,-17.3411,-39.2208,71.44,81,17,6.2,BR,1689801257
155,uturoa,-17.3411,-39.2208,71.44,81,17,6.2,BR,1689801257
156,lewistown,-17.3411,-39.2208,71.44,81,17,6.2,BR,1689801257
157,itoman,-17.3411,-39.2208,71.44,81,17,6.2,BR,1689801257
158,mirny,-17.3411,-39.2208,71.44,81,17,6.2,BR,1689801257
159,annaba,-17.3411,-39.2208,71.44,81,17,6.2,BR,1689801257
160,qarazhal,-17.3411,-39.2208,71.44,81,17,6.2,BR,1689801257
161,tsiombe,-17.3411,-39.2208,71.44,81,17,6.2,BR,1689801257
162,bangassou,-17.3411,-39.2208,71.44,81,17,6.2,BR,1689801257
163,dongola,-17.3411,-39.2208,71.44,81,17,6.2,BR,1689801257
164,mikhaylovskoye,-17.3411,-39.2208,71.44,81,17,6.2,BR,1689801257
165,vingt cinq,-17.3411,-39.2208,71.44,81,17,6.2,BR,1689801257
166,male,-17.3411,-39.2208,71.44,81,17,6.2,BR,1689801257
167,solleftea,-17.3411,-39.2208,71.44,81,17,6.2,BR,1689801257
168,chulakkurgan,-17.3411,-39.2208,71.44,81,17,6.2,BR,1689801257
169,longyearbyen,-17.3411,-39.2208,71.44,81,17,6.2,BR,1689801257
170,tanumah,-17.3411,-39.2208,71.44,81,17,6.2,BR,1689801257
171,villa yapacani,-17.3411,-39.2208,71.44,81,17,6.2,BR,1689801257
172,lazarevskoye,-17.3411,-39.2208,71.44,81,17,6.2,BR,1689801257
173,praia da vitoria,-17.3411,-39.2208,71.44,81,17,6.2,BR,1689801257
174,katsuura,-17.3411,-39.2208,71.44,81,17,6.2,BR,1689801257
175,puerto lempira,-17.3411,-39.2208,71.44,81,17,6.2,BR,1689801257
176,lincoln city,-17.3411,-39.2208,71.44,81,17,6.2,BR,1689801257
177,sinop,-17.3411,-39.2208,71.44,81,17,6.2,BR,1689801257
178,pangody,-17.3411,-39.2208,71.44,81,17,6.2,BR,1689801257
179,fale old settlement,-17.3411,-39.2208,71.44,81,17,6.2,BR,1689801257
180,uvinza,-17.3411,-39.2208,71.44,81,17,6.2,BR,1689801257
181,invercargill,-17.3411,-39.2208,71.44,81,17,6.2,BR,1689801257
182,atafu village,-17.3411,-39.2208,71.44,81,17,6.2,BR,1689801257
183,vernon,-17.3411,-39.2208,71.44,81,17,6.2,BR,1689801257
184,luderitz,-17.3411,-39.2208,71.44,81,17,6.2,BR,1689801257
185,tralee,-17.3411,-39.2208,71.44,81,17,6.2,BR,1689801257
186,zhangye,-17.3411,-39.2208,71.44,81,17,6.2,BR,1689801257
187,susuman,-17.3411,-39.2208,71.44,81,17,6.2,BR,1689801257
188,dryden,-17.3411,-39.2208,71.44,81,17,6.2,BR,1689801257
189,sainte-rose,-17.3411,-39.2208,71.44,81,17,6.2,BR,1689801257
190,benghazi,-17.3411,-39.2208,71.44,81,17,6.2,BR,1689801257
191,dover,-17.3411,-39.2208,71.44,81,17,6.2,BR,1689801257
192,kamaishi,-17.3411,-39.2208,71.44,81,17,6.2,BR,1689801257
193,ciudad bolivar,-17.3411,-39.2208,71.44,81,17,6.2,BR,1689801257
194,dudinka,-17.3411,-39.2208,71.44,81,17,6.2,BR,1689801257
195,prince albert,-17.3411,-39.2208,71.44,81,17,6.2,BR,1689801257
196,belokurikha,-17.3411,-39.2208,71.44,81,17,6.2,BR,1689801257
197,alice springs,-17.3411,-39.2208,71.44,81,17,6.2,BR,1689801257
198,vadso,-17.3411,-39.2208,71.44,81,17,6.2,BR,1689801257
199,fort bragg,-17.3411,-39.2208,71.44,81,17,6.2,BR,1689801257
200,east london,-17.3411,-39.2208,71.44,81,17,6.2,BR,1689801257
201,argo,-17.3411,-39.2208,71.44,81,17,6.2,BR,1689801257
202,minna,-17.3411,-39.2208,71.44,81,17,6.2,BR,1689801257
203,vorgashor,-17.3411,-39.2208,71.44,81,17,6.2,BR,1689801257
204,severo-yeniseyskiy,-17.3411,-39.2208,71.44,81,17,6.2,BR,1689801257
205,homer,-17.3411,-39.2208,71.44,81,17,6.2,BR,1689801257
206,saint-pierre,-17.3411,-39.2208,71.44,81,17,6.2,BR,1689801257
207,rubtsovsk,-17.3411,-39.2208,71.44,81,17,6.2,BR,1689801257
208,bukama,-17.3411,-39.2208,71.44,81,17,6.2,BR,1689801257
209,touba,-17.3411,-39.2208,71.44,81,17,6.2,BR,1689801257
210,lukolela,-17.3411,-39.2208,71.44,81,17,6.2,BR,1689801257
211,sankt veit an der glan,-17.3411,-39.2208,71.44,81,17,6.2,BR,1689801257
212,badger,-17.3411,-39.2208,71.44,81,17,6.2,BR,1689801257
213,timimoun,-17.3411,-39.2208,71.44,81,17,6.2,BR,1689801257
214,nyurba,-17.3411,-39.2208,71.44,81,17,6.2,BR,1689801257
215,kiunga,-17.3411,-39.2208,71.44,81,17,6.2,BR,1689801257
216,nahiyat ash shinafiyah,-17.3411,-39.2208,71.44,81,17,6.2,BR,1689801257
217,satsuma,-17.3411,-39.2208,71.44,81,17,6.2,BR,1689801257
218,alekseyevka,-17.3411,-39.2208,71.44,81,17,6.2,BR,1689801257
219,ekibastuz,-17.3411,-39.2208,71.44,81,17,6.2,BR,1689801257
220,harstad,-17.3411,-39.2208,71.44,81,17,6.2,BR,1689801257
221,nagqu,-17.3411,-39.2208,71.44,81,17,6.2,BR,1689801257
222,ban karon,-17.3411,-39.2208,71.44,81,17,6.2,BR,1689801257
223,carai,-17.3411,-39.2208,71.44,81,17,6.2,BR,1689801257
224,constantia,-17.3411,-39.2208,71.44,81,17,6.2,BR,1689801257
225,dunbar,-17.3411,-39.2208,71.44,81,17,6.2,BR,1689801257
226,buzoesti,-17.3411,-39.2208,71.44,81,17,6.2,BR,1689801257
227,dalandzadgad,-17.3411,-39.2208,71.44,81,17,6.2,BR,1689801257
228,lebu,-17.3411,-39.2208,71.44,81,17,6.2,BR,1689801257
229,geraldton,-17.3411,-39.2208,71.44,81,17,6.2,BR,1689801257
230,urzhar,-17.3411,-39.2208,71.44,81,17,6.2,BR,1689801257
231,ahau,-17.3411,-39.2208,71.44,81,17,6.2,BR,1689801257
232,mana,-17.3411,-39.2208,71.44,81,17,6.2,BR,1689801257
233,aasiaat,-17.3411,-39.2208,71.44,81,17,6.2,BR,1689801257
234,magadan,-17.3411,-39.2208,71.44,81,17,6.2,BR,1689801257
235,taltal,-17.3411,-39.2208,71.44,81,17,6.2,BR,1689801257
236,nuuk,-17.3411,-39.2208,71.44,81,17,6.2,BR,1689801257
237,new norfolk,-17.3411,-39.2208,71.44,81,17,6.2,BR,1689801257
238,buka,-17.3411,-39.2208,71.44,81,17,6.2,BR,1689801257
239,labytnangi,-17.3411,-39.2208,71.44,81,17,6.2,BR,1689801257
240,maceio,-17.3411,-39.2208,71.44,81,17,6.2,BR,1689801257
241,san julian,-17.3411,-39.2208,71.44,81,17,6.2,BR,1689801257
242,lerwick,-17.3411,-39.2208,71.44,81,17,6.2,BR,1689801257
243,uttarkashi,-17.3411,-39.2208,71.44,81,17,6.2,BR,1689801257
244,nioki,-17.3411,-39.2208,71.44,81,17,6.2,BR,1689801257
245,sal rei,-17.3411,-39.2208,71.44,81,17,6.2,BR,1689801257
246,karatuzskoye,-17.3411,-39.2208,71.44,81,17,6.2,BR,1689801257
247,howrah,-17.3411,-39.2208,71.44,81,17,6.2,BR,1689801257
248,halvad,-17.3411,-39.2208,71.44,81,17,6.2,BR,1689801257
249,bandarbeyla,-17.3411,-39.2208,71.44,81,17,6.2,BR,1689801257
250,ilulissat,-17.3411,-39.2208,71.44,81,17,6.2,BR,1689801257
251,saipan,-17.3411,-39.2208,71.44,81,17,6.2,BR,1689801257
252,ketchikan,-17.3411,-39.2208,71.44,81,17,6.2,BR,1689801257
253,puerto colombia,-17.3411,-39.2208,71.44,81,17,6.2,BR,1689801257
254,ola,-17.3411,-39.2208,71.44,81,17,6.2,BR,1689801257
255,hobyo,-17.3411,-39.2208,71.44,81,17,6.2,BR,1689801257
256,binjai,-17.3411,-39.2208,71.44,81,17,6.2,BR,1689801257
257,ixtapa,-17.3411,-39.2208,71.44,81,17,6.2,BR,1689801257
258,winejok,-17.3411,-39.2208,71.44,81,17,6.2,BR,1689801257
259,balikpapan,-17.3411,-39.2208,71.44,81,17,6.2,BR,1689801257
260,serdar,-17.3411,-39.2208,71.44,81,17,6.2,BR,1689801257
261,rolla,-17.3411,-39.2208,71.44,81,17,6.2,BR,1689801257
262,tasqala,-17.3411,-39.2208,71.44,81,17,6.2,BR,1689801257
263,belmonte,-17.3411,-39.2208,71.44,81,17,6.2,BR,1689801257
264,crane,-17.3411,-39.2208,71.44,81,17,6.2,BR,1689801257
265,olney,-17.3411,-39.2208,71.44,81,17,6.2,BR,1689801257
266,hamilton,-17.3411,-39.2208,71.44,81,17,6.2,BR,1689801257
267,olonkinbyen,-17.3411,-39.2208,71.44,81,17,6.2,BR,1689801257
268,revda,-17.3411,-39.2208,71.44,81,17,6.2,BR,1689801257
269,broome,-17.3411,-39.2208,71.44,81,17,6.2,BR,1689801257
270,miyoshi,-17.3411,-39.2208,71.44,81,17,6.2,BR,1689801257
271,am djarass,-17.3411,-39.2208,71.44,81,17,6.2,BR,1689801257
272,kruisfontein,-17.3411,-39.2208,71.44,81,17,6.2,BR,1689801257
273,palikir - national government center,-17.3411,-39.2208,71.44,81,17,6.2,BR,1689801257
274,ambarakaraka,-17.3411,-39.2208,71.44,81,17,6.2,BR,1689801257
275,bengkulu,-17.3411,-39.2208,71.44,81,17,6.2,BR,1689801257
276,alesund,-17.3411,-39.2208,71.44,81,17,6.2,BR,1689801257
277,elko,-17.3411,-39.2208,71.44,81,17,6.2,BR,1689801257
278,okap,-17.3411,-39.2208,71.44,81,17,6.2,BR,1689801257
279,akureyri,-17.3411,-39.2208,71.44,81,17,6.2,BR,1689801257
280,labrador city,-17.3411,-39.2208,71.44,81,17,6.2,BR,1689801257
281,newberry,-17.3411,-39.2208,71.44,81,17,6.2,BR,1689801257
282,oyem,-17.3411,-39.2208,71.44,81,17,6.2,BR,1689801257
283,nazare,-17.3411,-39.2208,71.44,81,17,6.2,BR,1689801257
284,sussex,-17.3411,-39.2208,71.44,81,17,6.2,BR,1689801257
285,pisco,-17.3411,-39.2208,71.44,81,17,6.2,BR,1689801257
286,illizi,-17.3411,-39.2208,71.44,81,17,6.2,BR,1689801257
287,darnah,-17.3411,-39.2208,71.44,81,17,6.2,BR,1689801257
288,novyy urgal,-17.3411,-39.2208,71.44,81,17,6.2,BR,1689801257
289,jalai nur,-17.3411,-39.2208,71.44,81,17,6.2,BR,1689801257
290,mariehamn,-17.3411,-39.2208,71.44,81,17,6.2,BR,1689801257
291,kimbe,-17.3411,-39.2208,71.44,81,17,6.2,BR,1689801257
292,dadonghai,-17.3411,-39.2208,71.44,81,17,6.2,BR,1689801257
293,smithers,-17.3411,-39.2208,71.44,81,17,6.2,BR,1689801257
294,afaahiti,-17.3411,-39.2208,71.44,81,17,6.2,BR,1689801257
295,cockburn town,-17.3411,-39.2208,71.44,81,17,6.2,BR,1689801257
296,rio grande,-17.3411,-39.2208,71.44,81,17,6.2,BR,1689801257
297,stanthorpe,-17.3411,-39.2208,71.44,81,17,6.2,BR,1689801257
298,morehead city,-17.3411,-39.2208,71.44,81,17,6.2,BR,1689801257
299,enewetak,-17.3411,-39.2208,71.44,81,17,6.2,BR,1689801257
300,montagu,-17.3411,-39.2208,71.44,81,17,6.2,BR,1689801257
301,tarfaya,-17.3411,-39.2208,71.44,81,17,6.2,BR,1689801257
302,hastings,-17.3411,-39.2208,71.44,81,17,6.2,BR,1689801257
303,kapa'a,-17.3411,-39.2208,71.44,81,17,6.2,BR,1689801257
304,gaspra,-17.3411,-39.2208,71.44,81,17,6.2,BR,1689801257
305,vikhorevka,-17.3411,-39.2208,71.44,81,17,6.2,BR,1689801257
306,beinamar,-17.3411,-39.2208,71.44,81,17,6.2,BR,1689801257
307,tofol,-17.3411,-39.2208,71.44,81,17,6.2,BR,1689801257
308,kampene,-17.3411,-39.2208,71.44,81,17,6.2,BR,1689801257
309,kon tum,-17.3411,-39.2208,71.44,81,17,6.2,BR,1689801257
310,walvis bay,-17.3411,-39.2208,71.44,81,17,6.2,BR,1689801257
311,pudozh,-17.3411,-39.2208,71.44,81,17,6.2,BR,1689801257
312,st. john's,-17.3411,-39.2208,71.44,81,17,6.2,BR,1689801257
313,naze,-17.3411,-39.2208,71.44,81,17,6.2,BR,1689801257
314,misratah,-17.3411,-39.2208,71.44,81,17,6.2,BR,1689801257
315,ambon,-17.3411,-39.2208,71.44,81,17,6.2,BR,1689801257
316,adrar,-17.3411,-39.2208,71.44,81,17,6.2,BR,1689801257
317,tabas,-17.3411,-39.2208,71.44,81,17,6.2,BR,1689801257
318,tadine,-17.3411,-39.2208,71.44,81,17,6.2,BR,1689801257
319,niteroi,-17.3411,-39.2208,71.44,81,17,6.2,BR,1689801257
320,zima,-17.3411,-39.2208,71.44,81,17,6.2,BR,1689801257
321,skeldon,-17.3411,-39.2208,71.44,81,17,6.2,BR,1689801257
322,ji'an,-17.3411,-39.2208,71.44,81,17,6.2,BR,1689801257
323,novyy rogachik,-17.3411,-39.2208,71.44,81,17,6.2,BR,1689801257
324,bavel,-17.3411,-39.2208,71.44,81,17,6.2,BR,1689801257
325,shuangjiang,-17.3411,-39.2208,71.44,81,17,6.2,BR,1689801257
326,el sauzal de rodriguez,-17.3411,-39.2208,71.44,81,17,6.2,BR,1689801257
327,coari,-17.3411,-39.2208,71.44,81,17,6.2,BR,1689801257
328,brisas de zicatela,-17.3411,-39.2208,71.44,81,17,6.2,BR,1689801257
329,flers,-17.3411,-39.2208,71.44,81,17,6.2,BR,1689801257
330,bonthe,-17.3411,-39.2208,71.44,81,17,6.2,BR,1689801257
331,barranca,-17.3411,-39.2208,71.44,81,17,6.2,BR,1689801257
332,khabarovsk,-17.3411,-39.2208,71.44,81,17,6.2,BR,1689801257
333,gaoual,-17.3411,-39.2208,71.44,81,17,6.2,BR,1689801257
334,naracoorte,-17.3411,-39.2208,71.44,81,17,6.2,BR,1689801257
335,taber,-17.3411,-39.2208,71.44,81,17,6.2,BR,1689801257
336,leninskoye,-17.3411,-39.2208,71.44,81,17,6.2,BR,1689801257
337,olinda,-17.3411,-39.2208,71.44,81,17,6.2,BR,1689801257
338,lemvig,-17.3411,-39.2208,71.44,81,17,6.2,BR,1689801257
339,ibia,-17.3411,-39.2208,71.44,81,17,6.2,BR,1689801257
340,zahedan,-17.3411,-39.2208,71.44,81,17,6.2,BR,1689801257
341,maintirano,-17.3411,-39.2208,71.44,81,17,6.2,BR,1689801257
342,beni,-17.3411,-39.2208,71.44,81,17,6.2,BR,1689801257
343,camocim,-17.3411,-39.2208,71.44,81,17,6.2,BR,1689801257
344,devinuwara,-17.3411,-39.2208,71.44,81,17,6.2,BR,1689801257
345,isangel,-17.3411,-39.2208,71.44,81,17,6.2,BR,1689801257
346,jijiga,-17.3411,-39.2208,71.44,81,17,6.2,BR,1689801257
347,allahabad,-17.3411,-39.2208,71.44,81,17,6.2,BR,1689801257
348,nar'yan-mar,-17.3411,-39.2208,71.44,81,17,6.2,BR,1689801257
349,tionk essil,-17.3411,-39.2208,71.44,81,17,6.2,BR,1689801257
350,newnham,-17.3411,-39.2208,71.44,81,17,6.2,BR,1689801257
351,dalbandin,-17.3411,-39.2208,71.44,81,17,6.2,BR,1689801257
352,lapeer,-17.3411,-39.2208,71.44,81,17,6.2,BR,1689801257
353,les cayes,-17.3411,-39.2208,71.44,81,17,6.2,BR,1689801257
354,pascagoula,-17.3411,-39.2208,71.44,81,17,6.2,BR,1689801257
355,iskateley,-17.3411,-39.2208,71.44,81,17,6.2,BR,1689801257
356,tirumullaivasal,-17.3411,-39.2208,71.44,81,17,6.2,BR,1689801257
357,souillac,-17.3411,-39.2208,71.44,81,17,6.2,BR,1689801257
358,karnobat,-17.3411,-39.2208,71.44,81,17,6.2,BR,1689801257
359,al mijlad,-17.3411,-39.2208,71.44,81,17,6.2,BR,1689801257
360,sault ste. marie,-17.3411,-39.2208,71.44,81,17,6.2,BR,1689801257
361,aitape,-17.3411,-39.2208,71.44,81,17,6.2,BR,1689801257
362,fuglafjordur,-17.3411,-39.2208,71.44,81,17,6.2,BR,1689801257
363,mallow,-17.3411,-39.2208,71.44,81,17,6.2,BR,1689801257
364,pekan,-17.3411,-39.2208,71.44,81,17,6.2,BR,1689801257
365,faya-largeau,-17.3411,-39.2208,71.44,81,17,6.2,BR,1689801257
366,camalu,-17.3411,-39.2208,71.44,81,17,6.2,BR,1689801257
367,eldorado,-17.3411,-39.2208,71.44,81,17,6.2,BR,1689801257
368,pizarro,-17.3411,-39.2208,71.44,81,17,6.2,BR,1689801257
369,eastham,-17.3411,-39.2208,71.44,81,17,6.2,BR,1689801257
370,an nimas,-17.3411,-39.2208,71.44,81,17,6.2,BR,1689801257
371,mukalla,-17.3411,-39.2208,71.44,81,17,6.2,BR,1689801257
372,sao joao da barra,-17.3411,-39.2208,71.44,81,17,6.2,BR,1689801257
373,simanggang,-17.3411,-39.2208,71.44,81,17,6.2,BR,1689801257
374,santa maria,-17.3411,-39.2208,71.44,81,17,6.2,BR,1689801257
375,balsta,-17.3411,-39.2208,71.44,81,17,6.2,BR,1689801257
376,kingscliff,-17.3411,-39.2208,71.44,81,17,6.2,BR,1689801257
377,hami,-17.3411,-39.2208,71.44,81,17,6.2,BR,1689801257
378,amalapuram,-17.3411,-39.2208,71.44,81,17,6.2,BR,1689801257
379,tromso,-17.3411,-39.2208,71.44,81,17,6.2,BR,1689801257
380,klyuchi,-17.3411,-39.2208,71.44,81,17,6.2,BR,1689801257
381,ain leuh,-17.3411,-39.2208,71.44,81,17,6.2,BR,1689801257
382,kununurra,-17.3411,-39.2208,71.44,81,17,6.2,BR,1689801257
383,cururupu,-17.3411,-39.2208,71.44,81,17,6.2,BR,1689801257
384,conception bay south,-17.3411,-39.2208,71.44,81,17,6.2,BR,1689801257
385,luau,-17.3411,-39.2208,71.44,81,17,6.2,BR,1689801257
386,emerald,-17.3411,-39.2208,71.44,81,17,6.2,BR,1689801257
387,yanchep,-17.3411,-39.2208,71.44,81,17,6.2,BR,1689801257
388,mount pearl,-17.3411,-39.2208,71.44,81,17,6.2,BR,1689801257
389,pathein,-17.3411,-39.2208,71.44,81,17,6.2,BR,1689801257
390,fuvahmulah,-17.3411,-39.2208,71.44,81,17,6.2,BR,1689801257
391,weno,-17.3411,-39.2208,71.44,81,17,6.2,BR,1689801257
392,hue,-17.3411,-39.2208,71.44,81,17,6.2,BR,1689801257
393,baykan,-17.3411,-39.2208,71.44,81,17,6.2,BR,1689801257
394,redencao,-17.3411,-39.2208,71.44,81,17,6.2,BR,1689801257
395,sisteron,-17.3411,-39.2208,71.44,81,17,6.2,BR,1689801257
396,berezovyy,-17.3411,-39.2208,71.44,81,17,6.2,BR,1689801257
397,tabou,-17.3411,-39.2208,71.44,81,17,6.2,BR,1689801257
398,kill devil hills,-17.3411,-39.2208,71.44,81,17,6.2,BR,1689801257
399,chapaev,-17.3411,-39.2208,71.44,81,17,6.2,BR,1689801257
400,antofagasta,-17.3411,-39.2208,71.44,81,17,6.2,BR,1689801257
401,calgary,-17.3411,-39.2208,71.44,81,17,6.2,BR,1689801257
402,aleg,-17.3411,-39.2208,71.44,81,17,6.2,BR,1689801257
403,tevragh zeina,-17.3411,-39.2208,71.44,81,17,6.2,BR,1689801257
404,rochelle,-17.3411,-39.2208,71.44,81,17,6.2,BR,1689801257
405,bauska,-17.3411,-39.2208,71.44,81,17,6.2,BR,1689801257
406,kozani,-17.3411,-39.2208,71.44,81,17,6.2,BR,1689801257
407,baardheere,-17.3411,-39.2208,71.44,81,17,6.2,BR,1689801257
408,bubaque,-17.3411,-39.2208,71.44,81,17,6.2,BR,1689801257
409,kailua-kona,-17.3411,-39.2208,71.44,81,17,6.2,BR,1689801257
410,saint-paul,-17.3411,-39.2208,71.44,81,17,6.2,BR,1689801257
411,mirriah,-17.3411,-39.2208,71.44,81,17,6.2,BR,1689801257
412,lampang,-17.3411,-39.2208,71.44,81,17,6.2,BR,1689801257
413,qarqaraly,-17.3411,-39.2208,71.44,81,17,6.2,BR,1689801257
414,kingston,-17.3411,-39.2208,71.44,81,17,6.2,BR,1689801257
415,salekhard,-17.3411,-39.2208,71.44,81,17,6.2,BR,1689801257
416,shimo-furano,-17.3411,-39.2208,71.44,81,17,6.2,BR,1689801257
417,harper,-17.3411,-39.2208,71.44,81,17,6.2,BR,1689801257
418,hasaki,-17.3411,-39.2208,71.44,81,17,6.2,BR,1689801257
419,taoudenni,-17.3411,-39.2208,71.44,81,17,6.2,BR,1689801257
420,colonia,-17.3411,-39.2208,71.44,81,17,6.2,BR,1689801257
421,hirara,-17.3411,-39.2208,71.44,81,17,6.2,BR,1689801257
422,ahar,-17.3411,-39.2208,71.44,81,17,6.2,BR,1689801257
423,galliano,-17.3411,-39.2208,71.44,81,17,6.2,BR,1689801257
424,oamaru,-17.3411,-39.2208,71.44,81,17,6.2,BR,1689801257
425,pontianak,-17.3411,-39.2208,71.44,81,17,6.2,BR,1689801257
426,sittwe,-17.3411,-39.2208,71.44,81,17,6.2,BR,1689801257
427,lyantor,-17.3411,-39.2208,71.44,81,17,6.2,BR,1689801257
428,tamanrasset,-17.3411,-39.2208,71.44,81,17,6.2,BR,1689801257
429,jumla,-17.3411,-39.2208,71.44,81,17,6.2,BR,1689801257
430,igarka,-17.3411,-39.2208,71.44,81,17,6.2,BR,1689801257
431,battle ground,-17.3411,-39.2208,71.44,81,17,6.2,BR,1689801257
432,mont-tremblant,-17.3411,-39.2208,71.44,81,17,6.2,BR,1689801257
433,ijuw,-17.3411,-39.2208,71.44,81,17,6.2,BR,1689801257
434,haiku-pauwela,-17.3411,-39.2208,71.44,81,17,6.2,BR,1689801257
435,kayangel,-17.3411,-39.2208,71.44,81,17,6.2,BR,1689801257
436,chak azam sahu,-17.3411,-39.2208,71.44,81,17,6.2,BR,1689801257
437,tozeur,-17.3411,-39.2208,71.44,81,17,6.2,BR,1689801257
438,hammerfest,-17.3411,-39.2208,71.44,81,17,6.2,BR,1689801257
439,al artawiyah,-17.3411,-39.2208,71.44,81,17,6.2,BR,1689801257
440,qulsary,-17.3411,-39.2208,71.44,81,17,6.2,BR,1689801257
441,taluksangay,-17.3411,-39.2208,71.44,81,17,6.2,BR,1689801257
442,yatou,-17.3411,-39.2208,71.44,81,17,6.2,BR,1689801257
443,muli,-17.3411,-39.2208,71.44,81,17,6.2,BR,1689801257
444,yuzhno-kurilsk,-17.3411,-39.2208,71.44,81,17,6.2,BR,1689801257
445,rosarito,-17.3411,-39.2208,71.44,81,17,6.2,BR,1689801257
446,ras al khaimah city,-17.3411,-39.2208,71.44,81,17,6.2,BR,1689801257
447,kanniyakumari,-17.3411,-39.2208,71.44,81,17,6.2,BR,1689801257
448,newman,-17.3411,-39.2208,71.44,81,17,6.2,BR,1689801257
449,ambalangoda,-17.3411,-39.2208,71.44,81,17,6.2,BR,1689801257
450,sirre,-17.3411,-39.2208,71.44,81,17,6.2,BR,1689801257
451,kanungu,-17.3411,-39.2208,71.44,81,17,6.2,BR,1689801257
452,bouca,-17.3411,-39.2208,71.44,81,17,6.2,BR,1689801257
453,mersa matruh,-17.3411,-39.2208,71.44,81,17,6.2,BR,1689801257
454,kashgar,-17.3411,-39.2208,71.44,81,17,6.2,BR,1689801257
455,dunedin,-17.3411,-39.2208,71.44,81,17,6.2,BR,1689801257
456,maxixe,-17.3411,-39.2208,71.44,81,17,6.2,BR,1689801257
457,sokoni,-17.3411,-39.2208,71.44,81,17,6.2,BR,1689801257
458,alotau,-17.3411,-39.2208,71.44,81,17,6.2,BR,1689801257
459,lesosibirsk,-17.3411,-39.2208,71.44,81,17,6.2,BR,1689801257
460,santa quiteria do maranhao,-17.3411,-39.2208,71.44,81,17,6.2,BR,1689801257
461,ridder,-17.3411,-39.2208,71.44,81,17,6.2,BR,1689801257
462,waddan,-17.3411,-39.2208,71.44,81,17,6.2,BR,1689801257
463,brokopondo,-17.3411,-39.2208,71.44,81,17,6.2,BR,1689801257
464,ponta delgada,-17.3411,-39.2208,71.44,81,17,6.2,BR,1689801257
465,duong dong,-17.3411,-39.2208,71.44,81,17,6.2,BR,1689801257
466,mulanje,-17.3411,-39.2208,71.44,81,17,6.2,BR,1689801257
467,tucuma,-17.3411,-39.2208,71.44,81,17,6.2,BR,1689801257
468,nantucket,-17.3411,-39.2208,71.44,81,17,6.2,BR,1689801257
469,egilsstadir,-17.3411,-39.2208,71.44,81,17,6.2,BR,1689801257
470,deniliquin,-17.3411,-39.2208,71.44,81,17,6.2,BR,1689801257
471,amble,-17.3411,-39.2208,71.44,81,17,6.2,BR,1689801257
472,aksu,-17.3411,-39.2208,71.44,81,17,6.2,BR,1689801257
473,dogondoutchi,-17.3411,-39.2208,71.44,81,17,6.2,BR,1689801257
474,sonsorol village,-17.3411,-39.2208,71.44,81,17,6.2,BR,1689801257
475,buenaventura,-17.3411,-39.2208,71.44,81,17,6.2,BR,1689801257
476,sola,-17.3411,-39.2208,71.44,81,17,6.2,BR,1689801257
477,manismata,-17.3411,-39.2208,71.44,81,17,6.2,BR,1689801257
478,tobi village,-17.3411,-39.2208,71.44,81,17,6.2,BR,1689801257
479,anatuya,-17.3411,-39.2208,71.44,81,17,6.2,BR,1689801257
480,nema,-17.3411,-39.2208,71.44,81,17,6.2,BR,1689801257
481,hadibu,-17.3411,-39.2208,71.44,81,17,6.2,BR,1689801257
482,namsos,-17.3411,-39.2208,71.44,81,17,6.2,BR,1689801257
483,presque isle,-17.3411,-39.2208,71.44,81,17,6.2,BR,1689801257
484,gaigeturi,-17.3411,-39.2208,71.44,81,17,6.2,BR,1689801257
485,huangshan,-17.3411,-39.2208,71.44,81,17,6.2,BR,1689801257
486,noumea,-17.3411,-39.2208,71.44,81,17,6.2,BR,1689801257
487,albertina,-17.3411,-39.2208,71.44,81,17,6.2,BR,1689801257
488,spring creek,-17.3411,-39.2208,71.44,81,17,6.2,BR,1689801257
489,papao,-17.3411,-39.2208,71.44,81,17,6.2,BR,1689801257
490,jaisalmer,-17.3411,-39.2208,71.44,81,17,6.2,BR,1689801257
491,alo,-17.3411,-39.2208,71.44,81,17,6.2,BR,1689801257
492,'ohonua,-17.3411,-39.2208,71.44,81,17,6.2,BR,1689801257
493,torghay,-17.3411,-39.2208,71.44,81,17,6.2,BR,1689801257
494,mount isa,-17.3411,-39.2208,71.44,81,17,6.2,BR,1689801257
495,muang phonsavan,-17.3411,-39.2208,71.44,81,17,6.2,BR,1689801257
496,port macquarie,-17.3411,-39.2208,71.44,81,17,6.2,BR,1689801257
497,ghadamis,-17.3411,-39.2208,71.44,81,17,6.2,BR,1689801257
498,lauro de freitas,-17.3411,-39.2208,71.44,81,17,6.2,BR,1689801257
499,mirnyy,-17.3411,-39.2208,71.44,81,17,6.2,BR,1689801257
500,laojunmiao,-17.3411,-39.2208,71.44,81,17,6.2,BR,1689801257
501,swakopmund,-17.3411,-39.2208,71.44,81,17,6.2,BR,1689801257
502,suva,-17.3411,-39.2208,71.44,81,17,6.2,BR,1689801257
503,bel ombre,-17.3411,-39.2208,71.44,81,17,6.2,BR,1689801257
504,grants,-17.3411,-39.2208,71.44,81,17,6.2,BR,1689801257
505,dickinson,-17.3411,-39.2208,71.44,81,17,6.2,BR,1689801257
506,qamdo,-17.3411,-39.2208,71.44,81,17,6.2,BR,1689801257
507,malkara,-17.3411,-39.2208,71.44,81,17,6.2,BR,1689801257
508,ibarreta,-17.3411,-39.2208,71.44,81,17,6.2,BR,1689801257
509,makushino,-17.3411,-39.2208,71.44,81,17,6.2,BR,1689801257
510,pacific grove,-17.3411,-39.2208,71.44,81,17,6.2,BR,1689801257
511,bergen auf rugen,-17.3411,-39.2208,71.44,81,17,6.2,BR,1689801257
512,moose jaw,-17.3411,-39.2208,71.44,81,17,6.2,BR,1689801257
513,yinchuan,-17.3411,-39.2208,71.44,81,17,6.2,BR,1689801257
514,ndikinimeki,-17.3411,-39.2208,71.44,81,17,6.2,BR,1689801257
515,gonzales,-17.3411,-39.2208,71.44,81,17,6.2,BR,1689801257
516,nikolayevsk-on-amure,-17.3411,-39.2208,71.44,81,17,6.2,BR,1689801257
517,san antonio de pale,-17.3411,-39.2208,71.44,81,17,6.2,BR,1689801257
518,shihezi,-17.3411,-39.2208,71.44,81,17,6.2,BR,1689801257
519,timbuktu,-17.3411,-39.2208,71.44,81,17,6.2,BR,1689801257
520,portland,-17.3411,-39.2208,71.44,81,17,6.2,BR,1689801257
521,grand gaube,-17.3411,-39.2208,71.44,81,17,6.2,BR,1689801257
522,penza,-17.3411,-39.2208,71.44,81,17,6.2,BR,1689801257
523,talavera,-17.3411,-39.2208,71.44,81,17,6.2,BR,1689801257
524,tank,-17.3411,-39.2208,71.44,81,17,6.2,BR,1689801257
525,wanning,-17.3411,-39.2208,71.44,81,17,6.2,BR,1689801257
526,nadi,-17.3411,-39.2208,71.44,81,17,6.2,BR,1689801257
527,lata,-17.3411,-39.2208,71.44,81,17,6.2,BR,1689801257
528,quellon,-17.3411,-39.2208,71.44,81,17,6.2,BR,1689801257
529,pinsk,-17.3411,-39.2208,71.44,81,17,6.2,BR,1689801257
530,nereta,-17.3411,-39.2208,71.44,81,17,6.2,BR,1689801257
531,ben gardane,-17.3411,-39.2208,71.44,81,17,6.2,BR,1689801257
532,fisterra,-17.3411,-39.2208,71.44,81,17,6.2,BR,1689801257
533,howard springs,-17.3411,-39.2208,71.44,81,17,6.2,BR,1689801257
534,grand falls-windsor,-17.3411,-39.2208,71.44,81,17,6.2,BR,1689801257
535,samoylovka,-17.3411,-39.2208,71.44,81,17,6.2,BR,1689801257
536,merizo village,-17.3411,-39.2208,71.44,81,17,6.2,BR,1689801257
537,igrim,-17.3411,-39.2208,71.44,81,17,6.2,BR,1689801257
538,callao,-17.3411,-39.2208,71.44,81,17,6.2,BR,1689801257
539,aykhal,-17.3411,-39.2208,71.44,81,17,6.2,BR,1689801257
540,saint-julien-en-genevois,-17.3411,-39.2208,71.44,81,17,6.2,BR,1689801257
541,opuwo,-17.3411,-39.2208,71.44,81,17,6.2,BR,1689801257
542,anahuac,-17.3411,-39.2208,71.44,81,17,6.2,BR,1689801257
543,zhosaly,-17.3411,-39.2208,71.44,81,17,6.2,BR,1689801257
544,vryburg,-17.3411,-39.2208,71.44,81,17,6.2,BR,1689801257
545,espargos,-17.3411,-39.2208,71.44,81,17,6.2,BR,1689801257
546,santa vitoria do palmar,-17.3411,-39.2208,71.44,81,17,6.2,BR,1689801257
547,ceerigaabo,-17.3411,-39.2208,71.44,81,17,6.2,BR,1689801257
548,geneina,-17.3411,-39.2208,71.44,81,17,6.2,BR,1689801257
549,syracuse,-17.3411,-39.2208,71.44,81,17,6.2,BR,1689801257
550,tual,-17.3411,-39.2208,71.44,81,17,6.2,BR,1689801257
551,gufeng,-17.3411,-39.2208,71.44,81,17,6.2,BR,1689801257
552,lichtenburg,-17.3411,-39.2208,71.44,81,17,6.2,BR,1689801257
553,uyuni,-17.3411,-39.2208,71.44,81,17,6.2,BR,1689801257
554,fortaleza,-17.3411,-39.2208,71.44,81,17,6.2,BR,1689801257
555,aripuana,-17.3411,-39.2208,71.44,81,17,6.2,BR,1689801257
556,lembar,-17.3411,-39.2208,71.44,81,17,6.2,BR,1689801257
557,dapa,-17.3411,-39.2208,71.44,81,17,6.2,BR,1689801257
558,qui nhon,-17.3411,-39.2208,71.44,81,17,6.2,BR,1689801257
559,ifrane,-17.3411,-39.2208,71.44,81,17,6.2,BR,1689801257
560,margate,-17.3411,-39.2208,71.44,81,17,6.2,BR,1689801257
561,santa elena de uairen,-17.3411,-39.2208,71.44,81,17,6.2,BR,1689801257
562,glace bay,-17.3411,-39.2208,71.44,81,17,6.2,BR,1689801257
563,santana,-17.3411,-39.2208,71.44,81,17,6.2,BR,1689801257
564,maputo,-17.3411,-39.2208,71.44,81,17,6.2,BR,1689801257
565,suntar,-17.3411,-39.2208,71.44,81,17,6.2,BR,1689801257
566,dawesville,-17.3411,-39.2208,71.44,81,17,6.2,BR,1689801257
567,puga,-17.3411,-39.2208,71.44,81,17,6.2,BR,1689801257
568,navojoa,-17.3411,-39.2208,71.44,81,17,6.2,BR,1689801257
569,carutapera,-17.3411,-39.2208,71.44,81,17,6.2,BR,1689801257
570,karratha,-17.3411,-39.2208,71.44,81,17,6.2,BR,1689801257
571,acarau,-17.3411,-39.2208,71.44,81,17,6.2,BR,1689801257
572,koppies,-17.3411,-39.2208,71.44,81,17,6.2,BR,1689801257
573,ulladulla,-17.3411,-39.2208,71.44,81,17,6.2,BR,1689801257
574,kish,-17.3411,-39.2208,71.44,81,17,6.2,BR,1689801257
575,huarmey,-17.3411,-39.2208,71.44,81,17,6.2,BR,1689801257
576,oederan,-17.3411,-39.2208,71.44,81,17,6.2,BR,1689801257
577,keflavik,-17.3411,-39.2208,71.44,81,17,6.2,BR,1689801257
578,santo antonio,-17.3411,-39.2208,71.44,81,17,6.2,BR,1689801257
579,mil'kovo,-17.3411,-39.2208,71.44,81,17,6.2,BR,1689801257
580,al jaradiyah,-17.3411,-39.2208,71.44,81,17,6.2,BR,1689801257
581,lautoka,-17.3411,-39.2208,71.44,81,17,6.2,BR,1689801257
582,necochea,-17.3411,-39.2208,71.44,81,17,6.2,BR,1689801257
583,blenheim,-17.3411,-39.2208,71.44,81,17,6.2,BR,1689801257
584,baglung,-17.3411,-39.2208,71.44,81,17,6.2,BR,1689801257
585,porto novo,-17.3411,-39.2208,71.44,81,17,6.2,BR,1689801257
586,linxia chengguanzhen,-17.3411,-39.2208,71.44,81,17,6.2,BR,1689801257
587,medias,-17.3411,-39.2208,71.44,81,17,6.2,BR,1689801257
588,sarpol-e zahab,-17.3411,-39.2208,71.44,81,17,6.2,BR,1689801257
589,hayma',-17.3411,-39.2208,71.44,81,17,6.2,BR,1689801257
590,punta del este,-17.3411,-39.2208,71.44,81,17,6.2,BR,1689801257
591,tyuratam,-17.3411,-39.2208,71.44,81,17,6.2,BR,1689801257
592,holualoa,-17.3411,-39.2208,71.44,81,17,6.2,BR,1689801257
593,molepolole,-17.3411,-39.2208,71.44,81,17,6.2,BR,1689801257
594,balabac,-17.3411,-39.2208,71.44,81,17,6.2,BR,1689801257
595,sidney,-17.3411,-39.2208,71.44,81,17,6.2,BR,1689801257
596,vershino-darasunskiy,-17.3411,-39.2208,71.44,81,17,6.2,BR,1689801257
597,puerto cabezas,-17.3411,-39.2208,71.44,81,17,6.2,BR,1689801257
598,maun,-17.3411,-39.2208,71.44,81,17,6.2,BR,1689801257
599,young,-17.3411,-39.2208,71.44,81,17,6.2,BR,1689801257
600,namtsy,-17.3411,-39.2208,71.44,81,17,6.2,BR,1689801257
601,callaway,-17.3411,-39.2208,71.44,81,17,6.2,BR,1689801257
602,prado,-17.3411,-39.2208,71.44,81,17,6.2,BR,1689801257
